{
    "parameters": {
        "wg1_width": 0.3571428571428572,
        "wg2_width": 0.3571428571428572,
        "separation": 0.19999999999999998,
        "coupling_length": 10.0,
        "center_wavelength": 1.55,
        "wg_z_span": 0.22,
        "fan_out_y_offset": 5.0,
        "sbend_x_extent": 10.0,
        "monitor_offset_from_sbend": 2.5,
        "fdtd_xy_padding": 2.5,
        "wg_extension_past_fdtd_edge": 1.0
    },
    "run_id": "sim_0618_120625",
    "T_net_tr": 0.5353051708444834,
    "T_net_br": 0.45218578519265434
}