{
    "parameters": {
        "wg1_width": 0.6142857142857143,
        "wg2_width": 0.6142857142857143,
        "separation": 0.5,
        "coupling_length": 10.0,
        "center_wavelength": 1.55,
        "wg_z_span": 0.22,
        "fan_out_y_offset": 5.0,
        "sbend_x_extent": 10.0,
        "monitor_offset_from_sbend": 2.5,
        "fdtd_xy_padding": 2.5,
        "wg_extension_past_fdtd_edge": 1.0
    },
    "run_id": "sim_0911_120625",
    "T_net_tr": 0.9839444147789107,
    "T_net_br": 0.00034754284863649436
}